URL,Title,Visit Time,Visit Count,Visited From,Visit Type,Visit Duration,Web Browser,User Profile,Browser Profile,URL Length,Typed Count,History File,Record ID
https://www.python.org/downloads/windows/,Python Releases for Windows | Python.org,10/07/2025 12:45:39 PM,1,,Link,,Chrome,Yashwant,Default,41,0,C:\Users\Yashwant\AppData\Local\Google\Chrome\User Data\Default\History,72645
https://github.com/Velocidex/WinPmem/releases,Releases  Velocidex/WinPmem,10/07/2025 12:50:27 PM,5,,Link,,Chrome,Yashwant,Default,45,0,C:\Users\Yashwant\AppData\Local\Google\Chrome\User Data\Default\History,72646
https://www.python.org/downloads/windows/,Python Releases for Windows | Python.org,10/07/2025 12:53:58 PM,1,,Reload,,Chrome,Yashwant,Default,41,0,C:\Users\Yashwant\AppData\Local\Google\Chrome\User Data\Default\History,72647
https://www.google.com/search?q=dumplt+exe&oq=dumplt+exe&gs_lcrp=EgZjaHJvbWUyBggAEEUYOTIJCAEQABgNGIAEMggIAhAAGA0YHjIICAMQABgNGB4yCggEEAAYChgNGB4yCggFEAAYgAQYogQyCggGEAAYgAQYogQyCggHEAAYgAQYogQyBwgIEAAY7wXSAQg0NDcyajBqN6gCALACAA&sourceid=chrome&ie=UTF-8,dumplt exe - Google Search,10/07/2025 12:53:58 PM,1,,Reload,,Chrome,Yashwant,Default,252,0,C:\Users\Yashwant\AppData\Local\Google\Chrome\User Data\Default\History,72648
https://chatgpt.com/c/686f9d75-9770-8003-9906-95b61f2230c4,Cloud Security Project Ideas,10/07/2025 12:53:58 PM,2,,Reload,,Chrome,Yashwant,Default,58,0,C:\Users\Yashwant\AppData\Local\Google\Chrome\User Data\Default\History,72649
https://portal.azure.com/#home,Home - Microsoft Azure,10/07/2025 12:53:58 PM,12,,Reload,00:00:01.763,Chrome,Yashwant,Default,30,0,C:\Users\Yashwant\AppData\Local\Google\Chrome\User Data\Default\History,72650
https://login.microsoftonline.com/gsyashwant20gmail.onmicrosoft.com/oauth2/v2.0/authorize?redirect_uri=https%3A%2F%2Fportal.azure.com%2Fsignin%2Findex%2F&response_type=code%20id_token&scope=https%3A%2F%2Fmanagement.core.windows.net%2F%2Fuser_impersonation%20openid%20email%20profile&state=OpenIdConnect.AuthenticationProperties%3DeazuqctIYr4Ewa2hvHQyWJbk8x7GvwJNg7H9MF3_fllEGxdANU3b30PFkm12xlapbKfTbYgVfzFaVcDxB8vH03VX4PG9Kn_4LfJbdzd4Lg6GWxIJ6vrZuIID_b3JF34yY3BYizppUVPkUlDK7fk-Z58ZAuuGowG-E-lVKo8J6rKih3CnFxDc2TAM_kIazj7W7o4Tyha3QBzn35zVvw60rVii9HLFnCZVAJxSMTgQ4rJHGs0uZRGyel5j-cjEH4gpgVWFuajbMOxA-HkkUpSXkbgmAz1e06ED0i5lN_OKB6gqbSOKzXigpwLBwidxh1p_pT92YSeh-5J_nVZrVn7zB56D7rcambjddUvgzTjsYv6kYB6cIOmLes2NnvunNfh4LwfsBsmmaOX8CghMxbK5zbPtVCcFrLyr31pJrX1dQWsQp9RN-95RN6DbaSI5q7pNbPEtbkxYBVVMH6biuZU06oOcBlRjhYAk0VkhiiNTqC961y74JPKAJS6XZLyabSPbtJ7NG5j5NKGalb-A8TOkDtW8W-IhywlPzPedLML0Xj1IZaz0NjeR-L166kYsEpMjB3GwW-QQcdjDMOcNFZ8_R66_IIXGmw8J-XJ8QM9WP_uqbdZ61D7EaLSiIo0rOy_o&response_mode=form_post&nonce=638877452371141220.NDEzYzdiN2EtMzlhOS00ZmE3LTgzMjQtMWUyZmQzMmRmN2Q0MjgyMTllNDAtY2RkNC00NzNiLTk0ZmUtMzY5NTgxYmRmM2Iy&client_id=c44b4083-3bb0-49c1-b47d-974e53cbdf3c&site_id=501430&instance_aware=true&client-request-id=3e41a0b6-368a-4a06-84e2-634082ef1705&x-client-SKU=ID_NET472&x-client-ver=8.3.0.0,Working...,10/07/2025 12:54:00 PM,1,https://portal.azure.com/#home,Link,00:00:08.886,Chrome,Yashwant,Default,1297,0,C:\Users\Yashwant\AppData\Local\Google\Chrome\User Data\Default\History,72651
https://github.com/Velocidex/WinPmem/releases,Releases  Velocidex/WinPmem,10/07/2025 12:54:03 PM,5,,Reload,,Chrome,Yashwant,Default,45,0,C:\Users\Yashwant\AppData\Local\Google\Chrome\User Data\Default\History,72652
https://portal.azure.com/signin/index/,Home - Microsoft Azure,10/07/2025 12:54:09 PM,10,https://login.microsoftonline.com/gsyashwant20gmail.onmicrosoft.com/oauth2/v2.0/authorize?redirect_uri=https%3A%2F%2Fportal.azure.com%2Fsignin%2Findex%2F&response_type=code%20id_token&scope=https%3A%2F%2Fmanagement.core.windows.net%2F%2Fuser_impersonation%20openid%20email%20profile&state=OpenIdConnect.AuthenticationProperties%3DeazuqctIYr4Ewa2hvHQyWJbk8x7GvwJNg7H9MF3_fllEGxdANU3b30PFkm12xlapbKfTbYgVfzFaVcDxB8vH03VX4PG9Kn_4LfJbdzd4Lg6GWxIJ6vrZuIID_b3JF34yY3BYizppUVPkUlDK7fk-Z58ZAuuGowG-E-lVKo8J6rKih3CnFxDc2TAM_kIazj7W7o4Tyha3QBzn35zVvw60rVii9HLFnCZVAJxSMTgQ4rJHGs0uZRGyel5j-cjEH4gpgVWFuajbMOxA-HkkUpSXkbgmAz1e06ED0i5lN_OKB6gqbSOKzXigpwLBwidxh1p_pT92YSeh-5J_nVZrVn7zB56D7rcambjddUvgzTjsYv6kYB6cIOmLes2NnvunNfh4LwfsBsmmaOX8CghMxbK5zbPtVCcFrLyr31pJrX1dQWsQp9RN-95RN6DbaSI5q7pNbPEtbkxYBVVMH6biuZU06oOcBlRjhYAk0VkhiiNTqC961y74JPKAJS6XZLyabSPbtJ7NG5j5NKGalb-A8TOkDtW8W-IhywlPzPedLML0Xj1IZaz0NjeR-L166kYsEpMjB3GwW-QQcdjDMOcNFZ8_R66_IIXGmw8J-XJ8QM9WP_uqbdZ61D7EaLSiIo0rOy_o&response_mode=form_post&nonce=638877452371141220.NDEzYzdiN2EtMzlhOS00ZmE3LTgzMjQtMWUyZmQzMmRmN2Q0MjgyMTllNDAtY2RkNC00NzNiLTk0ZmUtMzY5NTgxYmRmM2Iy&client_id=c44b4083-3bb0-49c1-b47d-974e53cbdf3c&site_id=501430&instance_aware=true&client-request-id=3e41a0b6-368a-4a06-84e2-634082ef1705&x-client-SKU=ID_NET472&x-client-ver=8.3.0.0,Form Submit,00:00:00.031,Chrome,Yashwant,Default,38,0,C:\Users\Yashwant\AppData\Local\Google\Chrome\User Data\Default\History,72656
https://portal.azure.com/?bundlingKind=DefaultPartitioner&configHash=rGOF-VLeKxUA&env=portal&l=en.en-us&pageVersion=16.81.4.1#home,Home - Microsoft Azure,10/07/2025 12:54:09 PM,3,https://portal.azure.com/signin/index/,Link,00:00:00.638,Chrome,Yashwant,Default,130,0,C:\Users\Yashwant\AppData\Local\Google\Chrome\User Data\Default\History,72657
https://academy.hackthebox.com/module/details/81,Intro to Network Traffic Analysis,10/07/2025 12:54:09 PM,7,,Reload,,Chrome,Yashwant,Default,48,0,C:\Users\Yashwant\AppData\Local\Google\Chrome\User Data\Default\History,72658
https://portal.azure.com/#home,Home - Microsoft Azure,10/07/2025 12:54:09 PM,12,https://portal.azure.com/?bundlingKind=DefaultPartitioner&configHash=rGOF-VLeKxUA&env=portal&l=en.en-us&pageVersion=16.81.4.1#home,Link,,Chrome,Yashwant,Default,30,0,C:\Users\Yashwant\AppData\Local\Google\Chrome\User Data\Default\History,72659
https://academy.hackthebox.com/module/74/section/699,Introduction to Active Directory,10/07/2025 12:54:09 PM,14,,Reload,,Chrome,Yashwant,Default,52,0,C:\Users\Yashwant\AppData\Local\Google\Chrome\User Data\Default\History,72660
https://academy.hackthebox.com/dashboard,Dashboard,10/07/2025 12:54:10 PM,16,,Reload,,Chrome,Yashwant,Default,40,0,C:\Users\Yashwant\AppData\Local\Google\Chrome\User Data\Default\History,72661
https://www.google.com/search?q=dumplt+exe&oq=dumplt+exe&gs_lcrp=EgZjaHJvbWUyBggAEEUYOTIJCAEQABgNGIAEMggIAhAAGA0YHjIICAMQABgNGB4yCggEEAAYChgNGB4yCggFEAAYgAQYogQyCggGEAAYgAQYogQyCggHEAAYgAQYogQyBwgIEAAY7wXSAQg0NDcyajBqN6gCALACAA&sourceid=chrome&ie=UTF-8,dumplt exe - Google Search,10/07/2025 12:55:31 PM,1,,Reload,,Chrome,Yashwant,Default,252,0,C:\Users\Yashwant\AppData\Local\Google\Chrome\User Data\Default\History,72662
https://chatgpt.com/c/686f9d75-9770-8003-9906-95b61f2230c4,Cloud Security Project Ideas,10/07/2025 12:55:31 PM,2,,Reload,,Chrome,Yashwant,Default,58,0,C:\Users\Yashwant\AppData\Local\Google\Chrome\User Data\Default\History,72663
https://www.python.org/downloads/windows/,Python Releases for Windows | Python.org,10/07/2025 12:55:34 PM,1,,Reload,,Chrome,Yashwant,Default,41,0,C:\Users\Yashwant\AppData\Local\Google\Chrome\User Data\Default\History,72664
https://portal.azure.com/#home,Home - Microsoft Azure,10/07/2025 12:55:34 PM,12,,Reload,00:00:01.523,Chrome,Yashwant,Default,30,0,C:\Users\Yashwant\AppData\Local\Google\Chrome\User Data\Default\History,72665
https://login.microsoftonline.com/gsyashwant20gmail.onmicrosoft.com/oauth2/v2.0/authorize?redirect_uri=https%3A%2F%2Fportal.azure.com%2Fsignin%2Findex%2F&response_type=code%20id_token&scope=https%3A%2F%2Fmanagement.core.windows.net%2F%2Fuser_impersonation%20openid%20email%20profile&state=OpenIdConnect.AuthenticationProperties%3DggxJiq2iSuLShF5kigmDcsV_-SJE4JG0U90Mouy_rk3cB39ffzYtcF-h04nEhEVJAoSVZZlgqpx2d0mTjtBzO_HpPwhJmqbaiGr4Tx2HFrs5QJ3GDP5c_k_fefFJHk7yHfsuNlOgzTT_5vRcwVI63uyRb7V3n-lXBZnUhew7yMkO2u3y-JdMChFoSCD61FkQmTYldIfLE5Ah8UrfW3uOon0lRUxSPHDjZsivjMMKsfO5cD9mpFqhMxiK06pZh-UvNhm-Y5R2H8Y7YZ4xVIlCcweEIbGJ5JnHjdTLK1hi9LGTXnBIzBnFRzUE2HhQjIYq--ZYjW-iXDlb3iWsFpZFLp5KOA0q22uIGgP1Fo7r94aPA3_8chRr_Lu1P0Ky2YajW3Gum_tgDFzNjec4wxMhS2dHISaoG7CdM5YPJ4YS85jIuNTvVyeb2ZSBxL40M14wo2AEJWznj_xAM1Z7Pibb1bSp8x6GtUlgTxGiFE9sopjrfpUr3n6EVujtIlOyLWVY4vNHSi5qnKihvWkaa0mvpguCVYxMv1EBE_1DZ2FjbQvLvSjN1f3ESwWkPU9vSFr3ABPbrzmoqwyQCeR8cWeO_coiIQ_tjc8iUGwi0eUMwIfyAQ_nx9S0cZnGkPDhmChW&response_mode=form_post&nonce=638877453319537260.MGM2MjkyZWYtNDMyYi00ODY1LTk3ZjQtZWY2YWE1ZWEyMTQxNGQ3ODAyOGUtMWJmNC00Mjg2LTk2MjYtOTFkZWI4MTZlYTBl&client_id=c44b4083-3bb0-49c1-b47d-974e53cbdf3c&site_id=501430&instance_aware=true&client-request-id=3e41a0b6-368a-4a06-84e2-634082ef1705&x-client-SKU=ID_NET472&x-client-ver=8.3.0.0,Working...,10/07/2025 12:55:36 PM,1,https://portal.azure.com/#home,Link,00:00:08.078,Chrome,Yashwant,Default,1297,0,C:\Users\Yashwant\AppData\Local\Google\Chrome\User Data\Default\History,72666
https://github.com/Velocidex/WinPmem/releases,Releases  Velocidex/WinPmem,10/07/2025 12:55:40 PM,5,,Reload,,Chrome,Yashwant,Default,45,0,C:\Users\Yashwant\AppData\Local\Google\Chrome\User Data\Default\History,72667
https://portal.azure.com/signin/index/,Home - Microsoft Azure,10/07/2025 12:55:44 PM,10,https://login.microsoftonline.com/gsyashwant20gmail.onmicrosoft.com/oauth2/v2.0/authorize?redirect_uri=https%3A%2F%2Fportal.azure.com%2Fsignin%2Findex%2F&response_type=code%20id_token&scope=https%3A%2F%2Fmanagement.core.windows.net%2F%2Fuser_impersonation%20openid%20email%20profile&state=OpenIdConnect.AuthenticationProperties%3DggxJiq2iSuLShF5kigmDcsV_-SJE4JG0U90Mouy_rk3cB39ffzYtcF-h04nEhEVJAoSVZZlgqpx2d0mTjtBzO_HpPwhJmqbaiGr4Tx2HFrs5QJ3GDP5c_k_fefFJHk7yHfsuNlOgzTT_5vRcwVI63uyRb7V3n-lXBZnUhew7yMkO2u3y-JdMChFoSCD61FkQmTYldIfLE5Ah8UrfW3uOon0lRUxSPHDjZsivjMMKsfO5cD9mpFqhMxiK06pZh-UvNhm-Y5R2H8Y7YZ4xVIlCcweEIbGJ5JnHjdTLK1hi9LGTXnBIzBnFRzUE2HhQjIYq--ZYjW-iXDlb3iWsFpZFLp5KOA0q22uIGgP1Fo7r94aPA3_8chRr_Lu1P0Ky2YajW3Gum_tgDFzNjec4wxMhS2dHISaoG7CdM5YPJ4YS85jIuNTvVyeb2ZSBxL40M14wo2AEJWznj_xAM1Z7Pibb1bSp8x6GtUlgTxGiFE9sopjrfpUr3n6EVujtIlOyLWVY4vNHSi5qnKihvWkaa0mvpguCVYxMv1EBE_1DZ2FjbQvLvSjN1f3ESwWkPU9vSFr3ABPbrzmoqwyQCeR8cWeO_coiIQ_tjc8iUGwi0eUMwIfyAQ_nx9S0cZnGkPDhmChW&response_mode=form_post&nonce=638877453319537260.MGM2MjkyZWYtNDMyYi00ODY1LTk3ZjQtZWY2YWE1ZWEyMTQxNGQ3ODAyOGUtMWJmNC00Mjg2LTk2MjYtOTFkZWI4MTZlYTBl&client_id=c44b4083-3bb0-49c1-b47d-974e53cbdf3c&site_id=501430&instance_aware=true&client-request-id=3e41a0b6-368a-4a06-84e2-634082ef1705&x-client-SKU=ID_NET472&x-client-ver=8.3.0.0,Form Submit,00:00:00.030,Chrome,Yashwant,Default,38,0,C:\Users\Yashwant\AppData\Local\Google\Chrome\User Data\Default\History,72671
https://portal.azure.com/?bundlingKind=DefaultPartitioner&configHash=rGOF-VLeKxUA&env=portal&l=en.en-us&pageVersion=16.81.4.1#home,Home - Microsoft Azure,10/07/2025 12:55:44 PM,3,https://portal.azure.com/signin/index/,Link,00:00:00.590,Chrome,Yashwant,Default,130,0,C:\Users\Yashwant\AppData\Local\Google\Chrome\User Data\Default\History,72672
https://portal.azure.com/#home,Home - Microsoft Azure,10/07/2025 12:55:45 PM,12,https://portal.azure.com/?bundlingKind=DefaultPartitioner&configHash=rGOF-VLeKxUA&env=portal&l=en.en-us&pageVersion=16.81.4.1#home,Link,,Chrome,Yashwant,Default,30,0,C:\Users\Yashwant\AppData\Local\Google\Chrome\User Data\Default\History,72673
https://academy.hackthebox.com/module/74/section/699,Introduction to Active Directory,10/07/2025 12:55:45 PM,14,,Reload,,Chrome,Yashwant,Default,52,0,C:\Users\Yashwant\AppData\Local\Google\Chrome\User Data\Default\History,72674
https://academy.hackthebox.com/module/details/81,Intro to Network Traffic Analysis,10/07/2025 12:55:45 PM,7,,Reload,,Chrome,Yashwant,Default,48,0,C:\Users\Yashwant\AppData\Local\Google\Chrome\User Data\Default\History,72675
https://academy.hackthebox.com/dashboard,Dashboard,10/07/2025 12:55:46 PM,16,,Reload,,Chrome,Yashwant,Default,40,0,C:\Users\Yashwant\AppData\Local\Google\Chrome\User Data\Default\History,72676
https://github.com/Velocidex/WinPmem/releases,Releases  Velocidex/WinPmem,10/07/2025 1:01:14 PM,5,,Link,,Chrome,Yashwant,Default,45,0,C:\Users\Yashwant\AppData\Local\Google\Chrome\User Data\Default\History,72677
https://chatgpt.com/c/686f9d75-9770-8003-9906-95b61f2230c4,Cloud Security Project Ideas,10/07/2025 1:02:36 PM,2,,Reload,00:23:32.640,Chrome,Yashwant,Default,58,0,C:\Users\Yashwant\AppData\Local\Google\Chrome\User Data\Default\History,72678
https://www.python.org/downloads/windows/,Python Releases for Windows | Python.org,10/07/2025 1:02:37 PM,1,,Reload,00:05:28.805,Chrome,Yashwant,Default,41,0,C:\Users\Yashwant\AppData\Local\Google\Chrome\User Data\Default\History,72679
https://github.com/Velocidex/WinPmem/releases,Releases  Velocidex/WinPmem,10/07/2025 1:02:37 PM,5,,Reload,00:05:27.263,Chrome,Yashwant,Default,45,0,C:\Users\Yashwant\AppData\Local\Google\Chrome\User Data\Default\History,72680
https://www.google.com/search?q=dumplt+exe&oq=dumplt+exe&gs_lcrp=EgZjaHJvbWUyBggAEEUYOTIJCAEQABgNGIAEMggIAhAAGA0YHjIICAMQABgNGB4yCggEEAAYChgNGB4yCggFEAAYgAQYogQyCggGEAAYgAQYogQyCggHEAAYgAQYogQyBwgIEAAY7wXSAQg0NDcyajBqN6gCALACAA&sourceid=chrome&ie=UTF-8,dumplt exe - Google Search,10/07/2025 1:02:37 PM,1,,Reload,00:05:31.047,Chrome,Yashwant,Default,252,0,C:\Users\Yashwant\AppData\Local\Google\Chrome\User Data\Default\History,72681
https://portal.azure.com/#home,Home - Microsoft Azure,10/07/2025 1:02:42 PM,12,,Reload,00:00:01.391,Chrome,Yashwant,Default,30,0,C:\Users\Yashwant\AppData\Local\Google\Chrome\User Data\Default\History,72682
https://github.com/Velocidex/WinPmem/releases,Releases  Velocidex/WinPmem,10/07/2025 1:02:42 PM,5,,Reload,00:05:22.596,Chrome,Yashwant,Default,45,0,C:\Users\Yashwant\AppData\Local\Google\Chrome\User Data\Default\History,72683
https://login.microsoftonline.com/gsyashwant20gmail.onmicrosoft.com/oauth2/v2.0/authorize?redirect_uri=https%3A%2F%2Fportal.azure.com%2Fsignin%2Findex%2F&response_type=code%20id_token&scope=https%3A%2F%2Fmanagement.core.windows.net%2F%2Fuser_impersonation%20openid%20email%20profile&state=OpenIdConnect.AuthenticationProperties%3D_kgMiIqWeIejqZ9_gUS2UoNBz1BPvc6xlQEsNVfQLTHZrJLFJS2wtIuA95BuqCHVzeJug-drmGT14oojM1aritMKm3hpr3R-Yx11rN-6X2d-9qDKgqJDiUsiaH5fm-miRhrq0hVu70rVTa-5GRqaZHeqcqQBYSjGz8Z7AyRzxa4Z6LMAo9D2rmTW0vC8rSY2HIshrABtt_wnV4bbzgkTNDVJQVVDqUFtQE-v0HehQUieMt-_mEnNFTMlCnf5ftZ3DxkjlmNNip8asK-Fx_KHhfUcXMdF1JXu71XzU8U0UHqC1SFzrnQcPPaxJUrpYjgrvkJeTn_3puMdvESqpbjRMIeAG6r8Scs_JsVJXClIi0y3GUVtJEKvbLGwQtOnUAdX64pOzw8obG2Neilun5g-2MDHLEdYeqI1VfuuOu99U3ccjg_jJ9MKjPJNgTZnoe247NcwHDMFUMpwFBzIP8pvBP3KoVJSZQlSK4V_JOpaIjeSxBq4yPG59SGhMAyOGKuLpzzz6FHTQRK2s2rBzkdgui7_WfQBeFTGFvb6tKxhadFPOj_C78BfPdnatWZtHOwrWjf-UXMeAtgAi-EsfnkUNzm3-i2mnr62q-FAwuUb5R7cdLqsqHLdXrVCAPZjzyw7&response_mode=form_post&nonce=638877457579706056.NWRkNDg3NjctYjNhOS00ZTA5LWJhMjYtOGQzZjVhNGFlNzRiOWI1ZWJkNGQtYjBmYy00NDg0LThjODEtNmM5MjhiMWIyMDMx&client_id=c44b4083-3bb0-49c1-b47d-974e53cbdf3c&site_id=501430&instance_aware=true&client-request-id=3e41a0b6-368a-4a06-84e2-634082ef1705&x-client-SKU=ID_NET472&x-client-ver=8.3.0.0,Working...,10/07/2025 1:02:43 PM,1,https://portal.azure.com/#home,Link,00:00:10.136,Chrome,Yashwant,Default,1297,0,C:\Users\Yashwant\AppData\Local\Google\Chrome\User Data\Default\History,72685
https://github.com/Velocidex/WinPmem/releases,Releases  Velocidex/WinPmem,10/07/2025 1:02:47 PM,5,,Reload,00:05:19.597,Chrome,Yashwant,Default,45,0,C:\Users\Yashwant\AppData\Local\Google\Chrome\User Data\Default\History,72686
https://academy.hackthebox.com/module/74/section/699,Introduction to Active Directory,10/07/2025 1:02:49 PM,14,,Reload,00:23:20.209,Chrome,Yashwant,Default,52,0,C:\Users\Yashwant\AppData\Local\Google\Chrome\User Data\Default\History,72688
https://academy.hackthebox.com/module/details/81,Intro to Network Traffic Analysis,10/07/2025 1:02:50 PM,7,,Reload,00:23:19.156,Chrome,Yashwant,Default,48,0,C:\Users\Yashwant\AppData\Local\Google\Chrome\User Data\Default\History,72689
https://academy.hackthebox.com/dashboard,Dashboard,10/07/2025 1:02:53 PM,16,,Reload,00:23:16.241,Chrome,Yashwant,Default,40,0,C:\Users\Yashwant\AppData\Local\Google\Chrome\User Data\Default\History,72690
https://portal.azure.com/signin/index/,Home - Microsoft Azure,10/07/2025 1:02:53 PM,10,https://login.microsoftonline.com/gsyashwant20gmail.onmicrosoft.com/oauth2/v2.0/authorize?redirect_uri=https%3A%2F%2Fportal.azure.com%2Fsignin%2Findex%2F&response_type=code%20id_token&scope=https%3A%2F%2Fmanagement.core.windows.net%2F%2Fuser_impersonation%20openid%20email%20profile&state=OpenIdConnect.AuthenticationProperties%3D_kgMiIqWeIejqZ9_gUS2UoNBz1BPvc6xlQEsNVfQLTHZrJLFJS2wtIuA95BuqCHVzeJug-drmGT14oojM1aritMKm3hpr3R-Yx11rN-6X2d-9qDKgqJDiUsiaH5fm-miRhrq0hVu70rVTa-5GRqaZHeqcqQBYSjGz8Z7AyRzxa4Z6LMAo9D2rmTW0vC8rSY2HIshrABtt_wnV4bbzgkTNDVJQVVDqUFtQE-v0HehQUieMt-_mEnNFTMlCnf5ftZ3DxkjlmNNip8asK-Fx_KHhfUcXMdF1JXu71XzU8U0UHqC1SFzrnQcPPaxJUrpYjgrvkJeTn_3puMdvESqpbjRMIeAG6r8Scs_JsVJXClIi0y3GUVtJEKvbLGwQtOnUAdX64pOzw8obG2Neilun5g-2MDHLEdYeqI1VfuuOu99U3ccjg_jJ9MKjPJNgTZnoe247NcwHDMFUMpwFBzIP8pvBP3KoVJSZQlSK4V_JOpaIjeSxBq4yPG59SGhMAyOGKuLpzzz6FHTQRK2s2rBzkdgui7_WfQBeFTGFvb6tKxhadFPOj_C78BfPdnatWZtHOwrWjf-UXMeAtgAi-EsfnkUNzm3-i2mnr62q-FAwuUb5R7cdLqsqHLdXrVCAPZjzyw7&response_mode=form_post&nonce=638877457579706056.NWRkNDg3NjctYjNhOS00ZTA5LWJhMjYtOGQzZjVhNGFlNzRiOWI1ZWJkNGQtYjBmYy00NDg0LThjODEtNmM5MjhiMWIyMDMx&client_id=c44b4083-3bb0-49c1-b47d-974e53cbdf3c&site_id=501430&instance_aware=true&client-request-id=3e41a0b6-368a-4a06-84e2-634082ef1705&x-client-SKU=ID_NET472&x-client-ver=8.3.0.0,Form Submit,00:00:00.125,Chrome,Yashwant,Default,38,0,C:\Users\Yashwant\AppData\Local\Google\Chrome\User Data\Default\History,72691
https://portal.azure.com/?bundlingKind=DefaultPartitioner&configHash=rGOF-VLeKxUA&env=portal&l=en.en-us&pageVersion=16.81.4.1#home,Home - Microsoft Azure,10/07/2025 1:02:53 PM,3,https://portal.azure.com/signin/index/,Link,00:00:00.982,Chrome,Yashwant,Default,130,0,C:\Users\Yashwant\AppData\Local\Google\Chrome\User Data\Default\History,72692
https://portal.azure.com/#home,Home - Microsoft Azure,10/07/2025 1:02:54 PM,12,https://portal.azure.com/?bundlingKind=DefaultPartitioner&configHash=rGOF-VLeKxUA&env=portal&l=en.en-us&pageVersion=16.81.4.1#home,Link,00:23:14.383,Chrome,Yashwant,Default,30,0,C:\Users\Yashwant\AppData\Local\Google\Chrome\User Data\Default\History,72693
http://testphp.vulnweb.com/,Home of Acunetix Art,10/07/2025 1:11:21 PM,3,https://testphp.vulnweb.com/,Link,00:14:47.764,Chrome,Yashwant,Default,27,0,C:\Users\Yashwant\AppData\Local\Google\Chrome\User Data\Default\History,72696
http://testphp.vulnweb.com/,Home of Acunetix Art,10/07/2025 1:11:21 PM,3,,Link,,Chrome,Yashwant,Default,27,0,C:\Users\Yashwant\AppData\Local\Google\Chrome\User Data\Default\History,72694
https://testphp.vulnweb.com/,Home of Acunetix Art,10/07/2025 1:11:21 PM,1,http://testphp.vulnweb.com/,Link,,Chrome,Yashwant,Default,28,0,C:\Users\Yashwant\AppData\Local\Google\Chrome\User Data\Default\History,72695
https://www.google.com/search?q=free+serial+keys&oq=free+serial+ke&gs_lcrp=EgZjaHJvbWUqBwgAEAAYgAQyBwgAEAAYgAQyBggBEEUYOTIHCAIQABiABDIHCAMQABiABDIHCAQQABiABDIHCAUQABiABDIHCAYQABiABDIKCAcQABjHAxiABDIHCAgQABjvBTIKCAkQABiiBBiJBdIBCDQwMjBqMGo3qAIAsAIA&sourceid=chrome&ie=UTF-8,free serial keys - Google Search,10/07/2025 1:11:51 PM,1,,Generated,00:14:17.727,Chrome,Yashwant,Default,272,0,C:\Users\Yashwant\AppData\Local\Google\Chrome\User Data\Default\History,72697
https://pastebin.com/,Pastebin.com - #1 paste tool since 2002!,10/07/2025 1:11:57 PM,2,,Link,00:14:11.804,Chrome,Yashwant,Default,21,0,C:\Users\Yashwant\AppData\Local\Google\Chrome\User Data\Default\History,72698
https://www.w3.org/WAI/ER/tests/xhtml/testfiles/resources/pdf/dummy.pdf,dummy.pdf,10/07/2025 1:12:25 PM,1,,Link,00:13:43.783,Chrome,Yashwant,Default,71,0,C:\Users\Yashwant\AppData\Local\Google\Chrome\User Data\Default\History,72699
file:///C:/Users/Yashwant/Downloads/dummy.pdf,,10/07/2025 1:12:31 PM,1,,,,Internet Explorer 10/11 / Edge,Yashwant,,45,,C:\Users\Yashwant\AppData\Local\Microsoft\Windows\WebCache\WebCacheV01.dat,1923
https://www.bbc.com/,BBC - Home,10/07/2025 1:12:36 PM,2,,Link,00:00:00.883,Chrome,Yashwant,Default,20,0,C:\Users\Yashwant\AppData\Local\Google\Chrome\User Data\Default\History,72700
https://www.bbc.co.uk/,BBC - Home,10/07/2025 1:12:36 PM,2,https://www.bbc.com/,Link,00:13:32.097,Chrome,Yashwant,Default,22,0,C:\Users\Yashwant\AppData\Local\Google\Chrome\User Data\Default\History,72701
https://www.reuters.com/,Reuters | Breaking International News & Views,10/07/2025 1:12:41 PM,1,,Link,00:13:27.944,Chrome,Yashwant,Default,24,0,C:\Users\Yashwant\AppData\Local\Google\Chrome\User Data\Default\History,72702
https://www.youtube.com/watch?v=dQw4w9WgXcQ,Rick Astley - Never Gonna Give You Up (Official Video) (4K Remaster) - YouTube,10/07/2025 1:12:53 PM,1,,Link,00:00:35.374,Chrome,Yashwant,Default,43,0,C:\Users\Yashwant\AppData\Local\Google\Chrome\User Data\Default\History,72703
https://www.reddit.com/r/netsec/,Technical Information Security Content & Discussion,10/07/2025 1:13:31 PM,1,https://www.reddit.com/r/netsec,Link,00:12:37.968,Chrome,Yashwant,Default,32,0,C:\Users\Yashwant\AppData\Local\Google\Chrome\User Data\Default\History,72705
https://www.reddit.com/r/netsec,Technical Information Security Content & Discussion,10/07/2025 1:13:31 PM,1,,Link,,Chrome,Yashwant,Default,31,0,C:\Users\Yashwant\AppData\Local\Google\Chrome\User Data\Default\History,72704
https://www.foxtonforensics.com/browser-history-examiner/,Browser History Examiner - Analyse & report on web browser history,10/07/2025 1:14:00 PM,1,,Link,00:00:02.985,Chrome,Yashwant,Default,57,0,C:\Users\Yashwant\AppData\Local\Google\Chrome\User Data\Default\History,72706
https://www.foxtonforensics.com/browser-history-examiner/download,Browser History Examiner - Download | Foxton Forensics,10/07/2025 1:14:03 PM,2,https://www.foxtonforensics.com/browser-history-examiner/,Link,00:00:04.121,Chrome,Yashwant,Default,65,0,C:\Users\Yashwant\AppData\Local\Google\Chrome\User Data\Default\History,72707
file:///C:/Users/Yashwant/Downloads/BrowserHistoryExaminer_v1.22.0.zip,,10/07/2025 1:14:09 PM,1,,,,Internet Explorer 10/11 / Edge,Yashwant,,70,,C:\Users\Yashwant\AppData\Local\Microsoft\Windows\WebCache\WebCacheV01.dat,1924
file:///C:/Users/Yashwant/AppData/Local/Google/Chrome/User%20Data/Default,,10/07/2025 1:31:46 PM,3,,,,Internet Explorer 10/11 / Edge,Yashwant,,73,,C:\Users\Yashwant\AppData\Local\Microsoft\Windows\WebCache\WebCacheV01.dat,1925
https://www.google.com/search?q=chatgpt&oq=ch&gs_lcrp=EgZjaHJvbWUqDAgAECMYJxiABBiKBTIMCAAQIxgnGIAEGIoFMgcIARAuGIAEMg4IAhBFGCcYORiABBiKBTIKCAMQABixAxiABDIKCAQQABixAxiABDIQCAUQLhiDARixAxiABBiKBTINCAYQLhiDARixAxiABDINCAcQABiDARixAxiABDINCAgQLhjHARjRAxiABDINCAkQABiDARixAxiABNIBCTIxMTBqMGoxNagCCLACAfEF_xCRKR58y6k&sourceid=chrome&ie=UTF-8,chatgpt - Google Search,10/07/2025 1:32:06 PM,1,,Generated,00:00:01.844,Chrome,Yashwant,Default,334,0,C:\Users\Yashwant\AppData\Local\Google\Chrome\User Data\Default\History,72709
https://openai.com/index/chatgpt/,Introducing ChatGPT | OpenAI,10/07/2025 1:32:08 PM,167,https://www.google.com/search?q=chatgpt&oq=ch&gs_lcrp=EgZjaHJvbWUqDAgAECMYJxiABBiKBTIMCAAQIxgnGIAEGIoFMgcIARAuGIAEMg4IAhBFGCcYORiABBiKBTIKCAMQABixAxiABDIKCAQQABixAxiABDIQCAUQLhiDARixAxiABBiKBTINCAYQLhiDARixAxiABDINCAcQABiDARixAxiABDINCAgQLhjHARjRAxiABDINCAkQABiDARixAxiABNIBCTIxMTBqMGoxNagCCLACAfEF_xCRKR58y6k&sourceid=chrome&ie=UTF-8,Link,00:13:44.872,Chrome,Yashwant,Default,33,0,C:\Users\Yashwant\AppData\Local\Google\Chrome\User Data\Default\History,72710
https://chatgpt.com/,ChatGPT,10/07/2025 1:32:10 PM,219,,Link,00:00:04.427,Chrome,Yashwant,Default,20,17,C:\Users\Yashwant\AppData\Local\Google\Chrome\User Data\Default\History,72711
https://chatgpt.com/,ChatGPT,10/07/2025 1:32:17 PM,219,,Link,00:00:03.225,Chrome,Yashwant,Default,20,17,C:\Users\Yashwant\AppData\Local\Google\Chrome\User Data\Default\History,72713
https://chatgpt.com/?model=auto,ChatGPT,10/07/2025 1:32:25 PM,24,,Link,00:00:00.176,Chrome,Yashwant,Default,31,0,C:\Users\Yashwant\AppData\Local\Google\Chrome\User Data\Default\History,72715
https://chatgpt.com/c/686f9d75-9770-8003-9906-95b61f2230c4,Cloud Security Project Ideas,10/07/2025 1:32:27 PM,2,,Link,00:02:09.003,Chrome,Yashwant,Default,58,0,C:\Users\Yashwant\AppData\Local\Google\Chrome\User Data\Default\History,72718
https://www.nirsoft.net/utils/browsing_history_view.html,BrowsingHistoryView - View browsing history of your Web browsers,10/07/2025 1:32:44 PM,3,,Link,00:00:10.204,Chrome,Yashwant,Default,56,0,C:\Users\Yashwant\AppData\Local\Google\Chrome\User Data\Default\History,72719
https://www.nirsoft.net/utils/browsing_history_view.html#google_vignette,BrowsingHistoryView - View browsing history of your Web browsers,10/07/2025 1:32:54 PM,2,https://www.nirsoft.net/utils/browsing_history_view.html,Link,00:00:01.840,Chrome,Yashwant,Default,72,0,C:\Users\Yashwant\AppData\Local\Google\Chrome\User Data\Default\History,72720
https://www.nirsoft.net/utils/chrome_cache_view.html,ChromeCacheView - Cache viewer for Google Chrome Web browser,10/07/2025 1:32:56 PM,1,https://www.nirsoft.net/utils/browsing_history_view.html#google_vignette,Link,00:00:37.632,Chrome,Yashwant,Default,52,0,C:\Users\Yashwant\AppData\Local\Google\Chrome\User Data\Default\History,72721
https://www.nirsoft.net/utils/browsing_history_view.html,BrowsingHistoryView - View browsing history of your Web browsers,10/07/2025 1:33:34 PM,3,,Link,00:10:15.853,Chrome,Yashwant,Default,56,0,C:\Users\Yashwant\AppData\Local\Google\Chrome\User Data\Default\History,72722
https://chatgpt.com/c/686f9d75-9770-8003-9906-95b61f2230c4,Cloud Security Project Ideas,10/07/2025 1:34:36 PM,2,,Reload,00:11:16.215,Chrome,Yashwant,Default,58,0,C:\Users\Yashwant\AppData\Local\Google\Chrome\User Data\Default\History,72723
https://www.nirsoft.net/utils/browsing_history_view.html,BrowsingHistoryView - View browsing history of your Web browsers,10/07/2025 1:34:45 PM,3,,Link,00:09:01.200,Chrome,Yashwant,Default,56,0,C:\Users\Yashwant\AppData\Local\Google\Chrome\User Data\Default\History,72724
file:///C:/Users/Yashwant/Downloads/browsinghistoryview.zip,,10/07/2025 1:34:53 PM,1,,,,Internet Explorer 10/11 / Edge,Yashwant,,59,,C:\Users\Yashwant\AppData\Local\Microsoft\Windows\WebCache\WebCacheV01.dat,1926
file:///C:/Users/Yashwant/Downloads/browsinghistoryview-x64.zip,,10/07/2025 1:35:47 PM,1,,,,Internet Explorer 10/11 / Edge,Yashwant,,63,,C:\Users\Yashwant\AppData\Local\Microsoft\Windows\WebCache\WebCacheV01.dat,1927
https://www.nirsoft.net/utils/browsing_history_view.html#google_vignette,BrowsingHistoryView - View browsing history of your Web browsers,10/07/2025 1:43:47 PM,2,https://www.nirsoft.net/utils/browsing_history_view.html,Link,00:00:01.947,Chrome,Yashwant,Default,72,0,C:\Users\Yashwant\AppData\Local\Google\Chrome\User Data\Default\History,72725
http://testphp.vulnweb.com/,Home of Acunetix Art,10/07/2025 1:44:55 PM,3,,Link,00:00:57.826,Chrome,Yashwant,Default,27,0,C:\Users\Yashwant\AppData\Local\Google\Chrome\User Data\Default\History,72726
https://pastebin.com/,Pastebin.com - #1 paste tool since 2002!,10/07/2025 1:45:03 PM,2,,Link,00:00:49.639,Chrome,Yashwant,Default,21,0,C:\Users\Yashwant\AppData\Local\Google\Chrome\User Data\Default\History,72727
https://www.bbc.com/,BBC - Home,10/07/2025 1:45:17 PM,2,,Link,00:00:01.403,Chrome,Yashwant,Default,20,0,C:\Users\Yashwant\AppData\Local\Google\Chrome\User Data\Default\History,72728
https://www.bbc.co.uk/,BBC - Home,10/07/2025 1:45:19 PM,2,https://www.bbc.com/,Link,00:00:33.992,Chrome,Yashwant,Default,22,0,C:\Users\Yashwant\AppData\Local\Google\Chrome\User Data\Default\History,72729
https://www.google.com/search?q=darkweb&oq=darkweb+&gs_lcrp=EgZjaHJvbWUyBggAEEUYOTIJCAEQABgKGIAEMgkIAhAAGAoYgAQyCQgDEAAYChiABDIJCAQQLhgKGIAEMgkIBRAAGAoYgAQyCQgGEAAYChiABDIHCAcQABiABDIJCAgQABgKGIAEMgkICRAAGAoYgATSAQgyOTU3ajBqN6gCALACAA&sourceid=chrome&ie=UTF-8,darkweb - Google Search,10/07/2025 1:45:30 PM,1,,Generated,00:00:22.887,Chrome,Yashwant,Default,259,0,C:\Users\Yashwant\AppData\Local\Google\Chrome\User Data\Default\History,72730
